<?xml version="1.0" encoding="UTF-8"?>
<project-private xmlns="http://www.netbeans.org/ns/project-private/1">
    <editor-bookmarks xmlns="http://www.netbeans.org/ns/editor-bookmarks/2" lastBookmarkId="0"/>
    <open-files xmlns="http://www.netbeans.org/ns/projectui-open-files/2">
        <group>
            <file>file:/C:/Users/vikne/Desktop/R.Viknes/My%20studies/UNISEL/YEAR%201/SEM%202/object%20oriented%20programming/Project/project%20ans/java%20project%20code/Fast_Food_Menu_System/src/Fast_Food_Menu_System/Calculate.java</file>
            <file>file:/C:/Users/vikne/Desktop/R.Viknes/My%20studies/UNISEL/YEAR%201/SEM%202/object%20oriented%20programming/Project/project%20ans/java%20project%20code/Fast_Food_Menu_System/src/Fast_Food_Menu_System/MainMenu.java</file>
            <file>file:/C:/Users/vikne/Desktop/R.Viknes/My%20studies/UNISEL/YEAR%201/SEM%202/object%20oriented%20programming/Project/project%20ans/java%20project%20code/Fast_Food_Menu_System/src/Fast_Food_Menu_System/Cook.java</file>
            <file>file:/C:/Users/vikne/Desktop/R.Viknes/My%20studies/UNISEL/YEAR%201/SEM%202/object%20oriented%20programming/Project/project%20ans/java%20project%20code/Fast_Food_Menu_System/src/Fast_Food_Menu_System/Cashier.java</file>
            <file>file:/C:/Users/vikne/Desktop/R.Viknes/My%20studies/UNISEL/YEAR%201/SEM%202/object%20oriented%20programming/Project/project%20ans/java%20project%20code/Fast_Food_Menu_System/src/Fast_Food_Menu_System/FastFood.java</file>
            <file>file:/C:/Users/vikne/Desktop/R.Viknes/My%20studies/UNISEL/YEAR%201/SEM%202/object%20oriented%20programming/Project/project%20ans/java%20project%20code/Fast_Food_Menu_System/src/Fast_Food_Menu_System/Log_in.java</file>
        </group>
    </open-files>
</project-private>
